<?xml version="1.0" encoding="UTF-8"?>
<ted>
	<version>28</version>
	<rsslocations>		
		<location>
			<name>btjunkie</name>
			<feed>http://btjunkie.org/rss.xml?query=#NAME#</feed>
			<website>http://btjunkie.org</website>
			<type>5</type>
		</location>
		<location>
			<name>tvRSS</name>
			<feed>http://tvrss.net/search/index.php?show_name=#NAME#&amp;mode=rss</feed>
			<website>http://tvrss.net/</website>
			<type>5</type>
		</location>
		<location>
			<name>isoHunt</name>
			<feed>http://www.isohunt.com/js/rss/#NAME#?iht=3</feed>
			<website>http://www.isohunt.com/</website>
			<type>0</type>
		</location>
		<location>
			<name>Mininova</name>
			<feed>http://www.mininova.org/rss/#NAME#/8</feed>
			<website>http://www.mininova.org</website>
			<type>5</type>
		</location>		
		<location>
			<name>XTVi</name>
			<feed>http://www.xtvi.com/rss.php?query=#NAME#</feed>
			<website>http://www.xtvi.com/</website>
			<type>5</type>
		</location>	
		<location>
			<name>Torrentreactor</name>
			<feed>http://www.torrentreactor.net/browse.php?id=8</feed>
			<website>http://www.torrentreactor.net/</website>
			<type>1</type>
		</location>
		<location>
			<name>BushTorrent</name>
			<feed>http://www.bushtorrent.com/browse.php?id=8</feed>
			<website>http://www.bushtorrent.com/</website>
			<type>1</type>
		</location>
		<location>
			<name>The Pirate Bay</name>
			<feed>http://rss.thepiratebay.org/205</feed>
			<website>http://www.thepiratebay.org/</website>
			<type>2</type>
		</location>
		<location>
			<name>Torrent Portal</name>
			<feed>http://www.torrentportal.com/rssfeed.3.xml</feed>
			<website>http://www.torrentportal.com/</website>
			<type>2</type>
		</location>
		<location>
			<name>Fenopy</name>
			<feed>http://fenopy.com/rss.xml?keyword=#NAME#&amp;cat=s_30&amp;order=0&amp;sort=0</feed>
			<website>http://fenopy.com/</website>
			<type>0</type>
		</location>
		<location>
			<name>Help</name>
			<feed>http://www.ted.nu/wiki/index.php/Supported_torrent_sites</feed>
			<website>http://www.ted.nu/</website>
			<type>3</type>
		</location>
	</rsslocations>
	<weblocations>
		<Amazon>
			<firsthalf>http://www.amazon.com/gp/search?ie=UTF8&amp;keywords=</firsthalf>
			<secondhalf>&amp;tag=tedprog-20&amp;index=dvd&amp;linkCode=ur2&amp;camp=1789&amp;creative=9325&amp;sort=salesrank</secondhalf>
			<complete>http://www.amazon.com/gp/redirect.html?ie=UTF8&amp;location=http%3A%2F%2Fwww.amazon.com%2Fb%3Fie%3DUTF8%26node%3D356468011%26pf%5Frd%5Fm%3DATVPDKIKX0DER%26pf%5Frd%5Fs%3Dbrowse%26pf%5Frd%5Fr%3D0J6C629W7ABBNCGRZR3J%26pf%5Frd%5Ft%3D101%26pf%5Frd%5Fp%3D292543201%26pf%5Frd%5Fi%3D173580&amp;tag=tedprog-20&amp;linkCode=ur2&amp;camp=1789&amp;creative=9325</complete>
		</Amazon>
		<showinfo>
			<location>http://www.rulecam.net/ted/showinfo.php?tvcom=</location>
		</showinfo>
	</weblocations>
	<shows>
		<show>
			<name>24</name>
			<daily>False</daily>
			<minimumsize>300</minimumsize>
			<maximumsize>800</maximumsize>
			<seeders>50</seeders>
			<tv_com>3866</tv_com>
		</show>
		<show>
			<name>30 rock</name>
			<daily>False</daily>
			<minimumsize>150</minimumsize>
			<maximumsize>400</maximumsize>
			<seeders>50</seeders>
			<tv_com>58326</tv_com>
		</show>
		<show>
			<name>The 4400</name>
			<daily>False</daily>
			<minimumsize>300</minimumsize>
			<maximumsize>800</maximumsize>
			<seeders>50</seeders>
			<tv_com>23350</tv_com>
		</show>
		<show>
			<name>The Adventures of Sarah Jane</name>
		</show>
		<show>
			<name>Age of Love</name>
			<minimumsize>300</minimumsize>
			<maximumsize>800</maximumsize>
			<seeders>15</seeders>
			<daily>False</daily>
			<tv_com>72221</tv_com>
		</show>
		<show>
			<name>Aliens in America</name>
			<minimumsize>150</minimumsize>
			<maximumsize>250</maximumsize>
			<seeders>25</seeders>
			<tv_com>68743</tv_com>
		</show>
		<show>
			<name>The Amazing Race</name>
			<daily>False</daily>
			<minimumsize>300</minimumsize>
			<maximumsize>800</maximumsize>
			<seeders>50</seeders>
			<tv_com>6686</tv_com>
		</show>
		<show>
			<name>America's Got Talent</name>
			<minimumsize>300</minimumsize>
			<maximumsize>800</maximumsize>
			<daily>False</daily>
			<tv_com>58710</tv_com>
		</show>
		<show>
			<name>America's Next Top Model</name>
			<daily>False</daily>
			<minimumsize>300</minimumsize>
			<maximumsize>800</maximumsize>
			<seeders>50</seeders>
			<tv_com>14888</tv_com>
		</show>
		<show>
			<name>American Chopper</name>
			<minimumsize>200</minimumsize>
			<maximumsize>500</maximumsize>
			<seeders>10</seeders>
			<tv_com>21794</tv_com>
		</show> 
		<show>
			<name>American Dad!</name>
			<daily>False</daily>
			<minimumsize>100</minimumsize>
			<maximumsize>400</maximumsize>
			<seeders>50</seeders>
			<tv_com>21935</tv_com>
		</show>
		<show>
			<name>American Idol</name>
			<daily>False</daily>
			<minimumsize>300</minimumsize>
			<maximumsize>800</maximumsize>
			<seeders>50</seeders>
			<tv_com>11307</tv_com>
		</show>
		<show>
			<name>American Inventor</name>
			<minimumsize>300</minimumsize>
			<maximumsize>800</maximumsize>
			<seeders>20</seeders>
			<daily>False</daily>
			<tv_com>53003</tv_com>
		</show>
		<show>
			<name>Avatar - The Last Airbender</name>
			<minimumsize>100</minimumsize>
			<maximumsize>300</maximumsize>
			<seeders>20</seeders>
			<tv_com>28841</tv_com>
		</show>
		<show>
			<name>Back To You</name>
			<minimumsize>300</minimumsize>
			<maximumsize>500</maximumsize>
			<seeders>20</seeders>
			<tv_com>69245</tv_com>
		</show>
		<show>
			<name>Battlestar Galactica</name>
			<daily>False</daily>
			<minimumsize>300</minimumsize>
			<maximumsize>800</maximumsize>
			<seeders>50</seeders>
			<tv_com>23557</tv_com>
		</show>
		<show>
			<name>Beauty and the Geek</name>
			<daily>False</daily>
			<minimumsize>300</minimumsize>
			<maximumsize>800</maximumsize>
			<seeders>50</seeders>
			<tv_com>32037</tv_com>
		</show>
		<show>
		<name>The Big Bang Theory</name>
			<minimumsize>150</minimumsize>
			<maximumsize>300</maximumsize>
			<seeders>10</seeders>
			<tv_com>58056</tv_com>
		</show>
		<show>
			<name>Big Brother</name>
			<daily>False</daily>
			<minimumsize>150</minimumsize>
			<maximumsize>400</maximumsize>
			<seeders>50</seeders>
			<tv_com>4673</tv_com>
		</show>
		<show>
			<name>Big Love</name>
			<daily>False</daily>
			<minimumsize>300</minimumsize>
			<maximumsize>800</maximumsize>
			<seeders>50</seeders>
			<tv_com>25834</tv_com>
		</show>
		<show>
		<name>Big Shots</name>
			<minimumsize>300</minimumsize>
			<maximumsize>500</maximumsize>
			<seeders>10</seeders>
			<tv_com>68650</tv_com>
		</show>
		<show>
			<name>Bionic Woman</name>
			<minimumsize>300</minimumsize>
			<maximumsize>800</maximumsize>
			<seeders>50</seeders>
			<tv_com>71468</tv_com>
		</show>
		<show>
			<name>Blakes 7</name>
			<daily>False</daily>
			<minimumsize>150</minimumsize>
			<maximumsize>400</maximumsize>
			<seeders>50</seeders>
			<tv_com>3281</tv_com>
		</show>
		<show>
			<name>Bones</name>
			<minimumsize>300</minimumsize>
			<maximumsize>450</maximumsize>
			<seeders>50</seeders>
			<tv_com>33332</tv_com>
		</show>
		<show>
			<name>Boston Legal</name>
			<daily>False</daily>
			<minimumsize>300</minimumsize>
			<maximumsize>800</maximumsize>
			<seeders>50</seeders>
			<tv_com>25525</tv_com>
		</show>
		<show>
			<name>Brothers &amp; Sisters</name>
			<searchname>Brothers and Sisters</searchname>
			<minimumsize>300</minimumsize>
			<maximumsize>800</maximumsize>
			<seeders>40</seeders>
			<tv_com>58012</tv_com>
		</show>
		<show>
			<name>Burn Notice</name>
			<daily>False</daily>
			<minimumsize>300</minimumsize>
			<maximumsize>800</maximumsize>
			<seeders>50</seeders>
			<tv_com>69107</tv_com>
		</show>
		<show>
			<name>The Business</name>
			<minimumsize>100</minimumsize>
			<maximumsize>300</maximumsize>
			<tv_com>65206</tv_com>
		</show>
		<show>
			<name>Californication</name>
			<minimumsize>200</minimumsize>
			<maximumsize>800</maximumsize>
			<seeders>50</seeders>
			<tv_com>68749</tv_com>
		</show>
		<show>
			<name>Cane</name>
			<minimumsize>300</minimumsize>
			<maximumsize>500</maximumsize>
			<seeders>10</seeders>
			<tv_com>68673</tv_com>
		</show>
		<show>
			<name>Cavemen</name>
			<minimumsize>150</minimumsize>
			<maximumsize>300</maximumsize>
			<seeders>10</seeders>
			<tv_com>70302</tv_com>
		</show>
		<show>
			<name>Chasers war on everything</name>
			<minimumsize>150</minimumsize>
			<maximumsize>400</maximumsize>
			<seeders>10</seeders>
		</show>
		<show>
			<name>Chuck</name>
			<minimumsize>300</minimumsize>
			<maximumsize>800</maximumsize>
			<seeders>50</seeders>
			<tv_com>68724</tv_com>
		</show>
		<show>
			<name>The Closer</name>
			<minimumsize>300</minimumsize>
			<maximumsize>800</maximumsize>
			<seeders>10</seeders>
			<daily>False</daily>
			<tv_com>28972</tv_com>
		</show>
		<show>
			<name>Colbert Report</name>
			<daily>True</daily>
			<seeders>50</seeders>
			<tv_com>45593</tv_com>
		</show>
		<show>
			<name>Cold Case</name>
			<minimumsize>300</minimumsize>
			<maximumsize>800</maximumsize>
			<seeders>50</seeders>
			<tv_com>16989</tv_com>
		</show>
		<show>
			<name>Criminal Minds</name>
			<daily>False</daily>
			<minimumsize>300</minimumsize>
			<maximumsize>800</maximumsize>
			<seeders>50</seeders>
			<tv_com>33484</tv_com>
		</show>
		<show>
			<name>CSI</name>
			<daily>False</daily>
			<minimumsize>300</minimumsize>
			<maximumsize>800</maximumsize>
			<seeders>50</seeders>
			<tv_com>19</tv_com>
		</show>
		<show>
			<name>CSI Miami</name>
			<daily>False</daily>
			<minimumsize>150</minimumsize>
			<maximumsize>400</maximumsize>
			<seeders>50</seeders>
			<tv_com>8460</tv_com>
		</show>
		<show>
			<name>CSI NY</name>
			<daily>False</daily>
			<minimumsize>150</minimumsize>
			<maximumsize>400</maximumsize>
			<seeders>50</seeders>
			<tv_com>24125</tv_com>
		</show>
		<show>
			<name>Curb Your Enthusiasm</name>
			<minimumsize>100</minimumsize>
			<maximumsize>800</maximumsize>
			<seeders>50</seeders>
			<tv_com>3720</tv_com>
		</show>
		<show>
			<name>The Daily Show</name>
			<daily>True</daily>
			<seeders>50</seeders>
			<tv_com>1293</tv_com>
		</show>
		<show>
			<name>Damages</name>
			<minimumsize>300</minimumsize>
			<maximumsize>800</maximumsize>
			<seeders>50</seeders>
			<tv_com>58333</tv_com>
		</show>	
		<show>
			<name>Dancing With The Stars US</name>
			<minimumsize>300</minimumsize>
			<maximumsize>1000</maximumsize>
			<seeders>10</seeders>
			<tv_com>35850</tv_com>
		</show>
		<show>
		<name>Dirty Sexy Money</name>
			<minimumsize>300</minimumsize>
			<maximumsize>500</maximumsize>
			<seeders>10</seeders>
			<tv_com>68659</tv_com>
		</show>
		<show>
			<name>The Dead Zone</name>
			<minimumsize>300</minimumsize>
			<maximumsize>800</maximumsize>
			<seeders>50</seeders>
			<daily>False</daily>
			<tv_com>7420</tv_com>
		</show>	
		<show>
			<name>Desperate Housewives</name>
			<daily>False</daily>
			<minimumsize>300</minimumsize>
			<maximumsize>800</maximumsize>
			<seeders>50</seeders>
			<tv_com>24641</tv_com>
		</show>
		<show>
			<name>Destination Truth</name>
			<minimumsize>300</minimumsize>
			<maximumsize>800</maximumsize>
			<daily>False</daily>
			<tv_com>67856</tv_com>
		</show>
		<show>
			<name>Dexter</name>
			<daily>False</daily>
			<minimumsize>300</minimumsize>
			<maximumsize>800</maximumsize>
			<seeders>50</seeders>
			<tv_com>62683</tv_com>
		</show>
		<show>
		<name>Dirt</name>
			<minimumsize>300</minimumsize>
			<maximumsize>800</maximumsize>
			<seeders>30</seeders>
			<tv_com>60202</tv_com>
		</show>
		<show>
			<name>Doctor Who</name>
			<minimumsize>300</minimumsize>
			<maximumsize>800</maximumsize>
			<seeders>50</seeders>
			<tv_com>34391</tv_com>
		</show>
		<show>
			<name>Doctor Who Confidential</name>
			<minimumsize>300</minimumsize>
			<maximumsize>800</maximumsize>
			<seeders>25</seeders>
			<tv_com>34421</tv_com>
		</show>
		<show>
			<name>Dresden Files</name>
			<minimumsize>300</minimumsize>
			<maximumsize>800</maximumsize>
			<seeders>20</seeders>
			<tv_com>50381</tv_com>
		</show>
		<show>
			<name>Entourage</name>
			<daily>False</daily>
			<minimumsize>150</minimumsize>
			<maximumsize>400</maximumsize>
			<seeders>50</seeders>
			<tv_com>27346</tv_com>
		</show>
		<show>
			<name>ER</name>
			<daily>False</daily>
			<minimumsize>300</minimumsize>
			<maximumsize>800</maximumsize>
			<seeders>50</seeders>
			<tv_com>111</tv_com>
		</show>
		<show>
			<name>Eureka</name>
			<daily>False</daily>
			<minimumsize>300</minimumsize>
			<maximumsize>800</maximumsize>
			<seeders>50</seeders>
			<tv_com>58448</tv_com>
		</show>
		<show>
			<name>Extras</name>
			<daily>False</daily>
			<minimumsize>150</minimumsize>
			<maximumsize>400</maximumsize>
			<seeders>50</seeders>
			<tv_com>33212</tv_com>
		</show>
		<show>
			<name>Extreme Engineering</name>
			<minimumsize>300</minimumsize>
			<maximumsize>800</maximumsize>
			<seeders>15</seeders>
			<tv_com>19831</tv_com>
		</show>
		<show>
			<name>Family Guy</name>
			<daily>False</daily>
			<minimumsize>150</minimumsize>
			<maximumsize>550</maximumsize>
			<seeders>50</seeders>
			<tv_com>348</tv_com>
		</show>
		<show>
			<name>Feasting on Asphalt</name>
			<minimumsize>300</minimumsize>
			<maximumsize>800</maximumsize>
			<tv_com>64251</tv_com>
		</show>
		<show>
			<name>Fifth Gear</name>
			<minimumsize>400</minimumsize>
			<maximumsize>800</maximumsize>
			<seeders>50</seeders>
			<tv_com>71360</tv_com>
		</show>
		<show>
			<name>Flash Gordon</name>
			<minimumsize>300</minimumsize>
			<maximumsize>700</maximumsize>
			<seeders>50</seeders>
			<tv_com>71778</tv_com>
		</show>
		<show>
			<name>Flight of the Conchords</name>
			<keywords>flight of the conchords</keywords>
			<minimumsize>150</minimumsize>
			<maximumsize>250</maximumsize>
			<releaseday>monday</releaseday>
			<tv_com>68719</tv_com>
		</show>
		<show>
			<name>Friday Night Lights</name>
			<minimumsize>300</minimumsize>
			<maximumsize>800</maximumsize>
			<seeders>50</seeders>
			<tv_com>58137</tv_com>
		</show>
		<show>
			<name>Frisky Dingo</name>
			<minimumsize>50</minimumsize>
			<maximumsize>150</maximumsize>
			<seeders>5</seeders>
			<tv_com>65209</tv_com>
		</show>
		<show>
			<name>Ghost Hunters</name>
			<minimumsize>300</minimumsize>
			<maximumsize>800</maximumsize>
			<daily>False</daily>
			<tv_com>7400</tv_com>
		</show>
		<show>
			<name>Ghost Whisperer</name>
			<daily>False</daily>
			<minimumsize>300</minimumsize>
			<maximumsize>800</maximumsize>
			<seeders>50</seeders>
			<tv_com>33483</tv_com>
		</show>
		<show>
			<name>Good Eats</name>
			<minimumsize>150</minimumsize>
			<maximumsize>250</maximumsize>
			<tv_com>21612</tv_com>
		</show>
		<show>
			<name>Greek</name>
			<minimumsize>300</minimumsize>
			<maximumsize>800</maximumsize>
			<daily>False</daily>
			<tv_com>71239</tv_com>
		</show>
		<show>
			<name>Greys Anatomy</name>
			<daily>False</daily>
			<minimumsize>300</minimumsize>
			<maximumsize>800</maximumsize>
			<seeders>50</seeders>
			<tv_com>24440</tv_com>
		</show>
		<show>
			<name>Heartland</name>
			<minimumsize>300</minimumsize>
			<maximumsize>800</maximumsize>
			<daily>False</daily>
			<tv_com>71537</tv_com>
		</show>
		<show>
			<name>Hell's Kitchen</name>
			<minimumsize>300</minimumsize>
			<maximumsize>800</maximumsize>
			<seeders>5</seeders>
			<daily>False</daily>
			<tv_com>29085</tv_com>
		</show>
		<show>
			<name>Heroes</name>
			<daily>False</daily>
			<minimumsize>300</minimumsize>
			<maximumsize>800</maximumsize>
			<seeders>50</seeders>
			<tv_com>17552</tv_com>
		</show>
		<show>
			<name>House</name>
			<daily>False</daily>
			<minimumsize>300</minimumsize>
			<maximumsize>800</maximumsize>
			<seeders>50</seeders>
			<tv_com>22374</tv_com>
		</show>
		<show>
			<name>How I Met Your Mother</name>
			<minimumsize>150</minimumsize>
			<maximumsize>250</maximumsize>
			<seeders>25</seeders>
			<tv_com>33700</tv_com>
		</show>
		<show>
			<name>Human Weapon</name>
			<minimumsize>300</minimumsize>
			<maximumsize>500</maximumsize>
			<seeders>10</seeders>
			<tv_com>74629</tv_com>
		</show>
		<show>
			<name>Hustle</name>
			<minimumsize>300</minimumsize>
			<maximumsize>800</maximumsize>
			<tv_com>21390</tv_com>
		</show>
		<show>
			<name>Hyperdrive</name>
			<minimumsize>150</minimumsize>
			<maximumsize>350</maximumsize>
			<tv_com>64091</tv_com>
		</show>
		<show>
			<name>I Hate My 30's</name>
			<minimumsize>100</minimumsize>
			<maximumsize>300</maximumsize>
			<seeders>10</seeders>
			<tv_com>74603</tv_com>
		</show>
		<show>
			<name>Inked</name>
			<daily>False</daily>
			<minimumsize>300</minimumsize>
			<maximumsize>800</maximumsize>
			<seeders>50</seeders>
			<tv_com>37096</tv_com>
		</show>
		<show>
			<name>The IT Crowd</name>
			<minimumsize>150</minimumsize>
			<maximumsize>250</maximumsize>
			<seeders>15</seeders>
			<tv_com>68733</tv_com>
		</show>
		<show>
			<name>It's Always Sunny in Philadelphia</name>
			<minimumsize>150</minimumsize>
			<maximumsize>250</maximumsize>
			<tv_com>33928</tv_com>
		</show>
		<show>
			<name>Jekyll</name>
			<minimumsize>600</minimumsize>
			<maximumsize>800</maximumsize>
			<seeders>50</seeders>
			<tv_com>69232</tv_com>
		</show>
		<show>
			<name>Jericho</name>
			<daily>False</daily>
			<minimumsize>300</minimumsize>
			<maximumsize>800</maximumsize>
			<seeders>50</seeders>
			<tv_com>58068</tv_com>
		</show>
		<show>
			<name>Journeyman</name>
			<minimumsize>300</minimumsize>
			<maximumsize>800</maximumsize>
			<seeders>20</seeders>
			<tv_com>69207</tv_com>
		</show>
		<show>
			<name>K-Ville</name>
			<minimumsize>300</minimumsize>
			<maximumsize>500</maximumsize>
			<seeders>10</seeders>
			<tv_com>68692</tv_com>
		</show>
		<show>
			<name>Kid Nation</name>
			<minimumsize>300</minimumsize>
			<maximumsize>600</maximumsize>
			<seeders>50</seeders>
			<tv_com>72860</tv_com>
		</show>
		<show>
			<name>Kitchen Nightmares</name>
			<minimumsize>300</minimumsize>
			<maximumsize>800</maximumsize>
			<seeders>50</seeders>
			<tv_com>68715</tv_com>
		</show>
		<show>
			<name>Kyle XY</name>
			<daily>False</daily>
			<minimumsize>300</minimumsize>
			<maximumsize>800</maximumsize>
			<seeders>50</seeders>
			<tv_com>35825</tv_com>
		</show>
		<show>
			<name>The L Word</name>
			<daily>False</daily>
			<minimumsize>300</minimumsize>
			<maximumsize>800</maximumsize>
			<seeders>50</seeders>
			<tv_com>18662</tv_com>
		</show>
		<show>
			<name>Las Vegas</name>
			<daily>False</daily>
			<minimumsize>300</minimumsize>
			<maximumsize>800</maximumsize>
			<keywords>!csi</keywords>
			<seeders>50</seeders>
			<tv_com>17210</tv_com>
		</show>
		<show>
			<name>Last Comic Standing</name>
			<minimumsize>300</minimumsize>
			<maximumsize>800</maximumsize>
			<seeders>25</seeders>
			<daily>False</daily>
			<tv_com>19647</tv_com>
		</show>
		<show>
			<name>Late Night with Conan O'Brien</name>
			<minimumsize>300</minimumsize>
			<maximumsize>800</maximumsize>
			<seeders>30</seeders>
			<daily>True</daily>
			<tv_com>4748</tv_com>
		</show>
		<show>
			<name>Law And Order</name>
			<daily>False</daily>
			<minimumsize>300</minimumsize>
			<maximumsize>800</maximumsize>
			<seeders>50</seeders>
			<tv_com>180</tv_com>
		</show>
		<show>
			<name>Law and Order: Criminal Intent</name>
			<minimumsize>300</minimumsize>
			<maximumsize>800</maximumsize>
			<keywords>ci</keywords>
			<tv_com>1381</tv_com>
		</show>
		<show>
			<name>Law and Order: Special Victims Unit</name>
			<minimumsize>300</minimumsize>
			<maximumsize>800</maximumsize>
			<keywords>suv</keywords>
			<tv_com>334</tv_com>
		</show>
		<show>
			<name>Life On Mars</name>
			<minimumsize>300</minimumsize>
			<maximumsize>800</maximumsize>
			<tv_com>69238</tv_com>
		</show>
		<show>
			<name>Little Mosque on the Prairie</name>
			<minimumsize>100</minimumsize>
			<maximumsize>800</maximumsize>
			<seeders>10</seeders>
			<tv_com>67584</tv_com>
		</show>
		<show>
			<name>Lost</name>
			<daily>False</daily>
			<minimumsize>300</minimumsize>
			<maximumsize>800</maximumsize>
			<seeders>50</seeders>
			<tv_com>24313</tv_com>
		</show>
		<show>
			<name>The Loop</name>
			<minimumsize>100</minimumsize>
			<maximumsize>400</maximumsize>
			<daily>False</daily>
			<tv_com>31306</tv_com>
		</show>
		<show>
			<name>Lucy, The Daughter of the Devil </name>
			<minimumsize>50</minimumsize>
			<maximumsize>150</maximumsize>
			<seeders>5</seeders>
			<tv_com>67549</tv_com>
		</show>
		<show>
			<name>Mad Men</name>
			<minimumsize>300</minimumsize>
			<maximumsize>800</maximumsize>
			<seeders>50</seeders>
			<releaseday>friday</releaseday>
			<tv_com>74140</tv_com>
		</show>
		<show>
			<name>Medium</name>
			<minimumsize>300</minimumsize>
			<maximumsize>800</maximumsize>
			<seeders>50</seeders>
			<tv_com>22414</tv_com>
		</show>
		<show>
			<name>Men In Trees</name>
			<minimumsize>400</minimumsize>
			<maximumsize>800</maximumsize>
			<seeders>30</seeders>
			<tv_com>58460</tv_com>
		</show>
		<show>
			<name>Mind of mencia</name>
			<minimumsize>150</minimumsize>
			<maximumsize>250</maximumsize>
			<seeders>25</seeders>
			<tv_com>38890</tv_com>
		</show>
		<show>
			<name>Monk</name>
			<minimumsize>300</minimumsize>
			<maximumsize>800</maximumsize>
			<seeders>15</seeders>
			<tv_com>9130</tv_com>
		</show>
		<show>
			<name>Moonlight</name>
			<minimumsize>300</minimumsize>
			<maximumsize>800</maximumsize>
			<seeders>50</seeders>
			<tv_com>68684</tv_com>
		</show>
		<show>
			<name>My Boys</name>
			<minimumsize>150</minimumsize>
			<maximumsize>250</maximumsize>
			<seeders>25</seeders>
			<tv_com>57746</tv_com>
		</show>
		<show>
			<name>My Name is Earl</name>
			<daily>False</daily>
			<minimumsize>150</minimumsize>
			<maximumsize>400</maximumsize>
			<seeders>50</seeders>
			<tv_com>31988</tv_com>
		</show>
		<show>
			<name>Mythbusters</name>
			<minimumsize>300</minimumsize>
			<maximumsize>800</maximumsize>
			<seeders>50</seeders>
			<tv_com>22839</tv_com>
		</show>
		<show>
			<name>NCIS</name>
			<daily>False</daily>
			<minimumsize>300</minimumsize>
			<maximumsize>800</maximumsize>
			<seeders>50</seeders>
			<tv_com>16772</tv_com>
		</show>
		<show>
			<name>Nip/Tuck</name>
			<daily>False</daily>
			<minimumsize>300</minimumsize>
			<maximumsize>800</maximumsize>
			<seeders>50</seeders>
			<tv_com>17095</tv_com>
		</show>
		<show>
		<name>Numb3rs</name>
			<minimumsize>300</minimumsize>
			<maximumsize>800</maximumsize>
			<seeders>50</seeders>
			<tv_com>25043</tv_com>
		</show>
		<show>
			<name>The Office USA</name>
			<daily>False</daily>
			<minimumsize>150</minimumsize>
			<maximumsize>400</maximumsize>
			<seeders>50</seeders>
			<tv_com>22343</tv_com>
		</show>
		<show>
			<name>One Tree Hill</name>
			<daily>False</daily>
			<minimumsize>300</minimumsize>
			<maximumsize>800</maximumsize>
			<seeders>50</seeders>
			<tv_com>16942</tv_com>
		</show>	
		<show>
		<name>Penn and Teller Bullshit</name>
			<minimumsize>200</minimumsize>
			<maximumsize>800</maximumsize>
			<seeders>50</seeders>
			<tv_com>17579</tv_com>
		</show>
		<show>
			<name>The Pickup Artist</name>
			<minimumsize>300</minimumsize>
			<maximumsize>800</maximumsize>
			<seeders>50</seeders>
			<tv_com>74631</tv_com>
		</show>
		<show>
			<name>Prison Break</name>
			<daily>False</daily>
			<minimumsize>300</minimumsize>
			<maximumsize>800</maximumsize>
			<seeders>50</seeders>
			<tv_com>31635</tv_com>
		</show>
		<show>
			<name>Private Practice</name>
			<minimumsize>300</minimumsize>
			<maximumsize>800</maximumsize>
			<seeders>50</seeders>
			<tv_com>72805</tv_com>
		</show>
		<show>
			<name>Psych</name>
			<minimumsize>300</minimumsize>
			<maximumsize>800</maximumsize>
			<seeders>10</seeders>
			<daily>False</daily>
			<tv_com>59369</tv_com>
		</show>
		<show>
			<name>Pushing Daisies</name>
			<minimumsize>300</minimumsize>
			<maximumsize>800</maximumsize>
			<seeders>50</seeders>
			<tv_com>68663</tv_com>
		</show>
		<show>
			<name>Rescue Me</name>
			<minimumsize>300</minimumsize>
			<maximumsize>800</maximumsize>
			<seeders>50</seeders>
			<daily>False</daily>
			<tv_com>24321</tv_com>
		</show>
		<show>
			<name>Reaper</name>
			<minimumsize>300</minimumsize>
			<maximumsize>800</maximumsize>
			<seeders>50</seeders>
			<tv_com>68745</tv_com>
		</show>
		<show>
			<name>The Riches</name>
			<minimumsize>300</minimumsize>
			<maximumsize>800</maximumsize>
			<seeders>25</seeders>
			<tv_com>68406</tv_com>
		</show>
		<show>
			<name>Robin Hood</name>
			<minimumsize>300</minimumsize>
			<maximumsize>750</maximumsize>
			<seeders>10</seeders>
			<tv_com>64043</tv_com>
		</show>
		<show>
			<name>Robot Chicken</name>
			<minimumsize>50</minimumsize>
			<maximumsize>150</maximumsize>
			<seeders>5</seeders>
			<tv_com>33630</tv_com>
		</show>
		<show>
			<name>Rome</name>
			<daily>False</daily>
			<minimumsize>300</minimumsize>
			<maximumsize>800</maximumsize>
			<seeders>50</seeders>
			<tv_com>23351</tv_com>
		</show>
		<show>
			<name>Rules of Engagement</name>
			<minimumsize>150</minimumsize>
			<maximumsize>400</maximumsize>
			<seeders>50</seeders>
			<tv_com>58087</tv_com>
		</show>
		<show>
			<name>Saturday Night Live</name>
			<minimumsize>400</minimumsize>
			<maximumsize>800</maximumsize>
			<seeders>20</seeders>
			<tv_com>365</tv_com>
		</show>
		<show>
			<name>Saving Grace</name>
			<minimumsize>300</minimumsize>
			<maximumsize>800</maximumsize>
			<seeders>50</seeders>
			<tv_com>72393</tv_com>
		</show>
		<show>
			<name>Scrubs</name>
			<daily>False</daily>
			<minimumsize>150</minimumsize>
			<maximumsize>400</maximumsize>
			<seeders>50</seeders>
			<tv_com>3613</tv_com>
		</show>
		<show>
			<name>Shark</name>
			<minimumsize>300</minimumsize>
			<maximumsize>800</maximumsize>
			<seeders>50</seeders>
			<tv_com>58080</tv_com>
		</show>
		<show>
			<name>The Shield</name>
			<minimumsize>300</minimumsize>
			<maximumsize>800</maximumsize>
			<seeders>50</seeders>
			<tv_com>8261</tv_com>
		</show>
		<show>
			<name>The Simple Life</name>
			<minimumsize>100</minimumsize>
			<maximumsize>300</maximumsize>
			<seeders>50</seeders>
			<daily>False</daily>
			<tv_com>22312</tv_com>
		</show>
		<show>
			<name>The Simpsons</name>
			<daily>False</daily>
			<minimumsize>150</minimumsize>
			<maximumsize>400</maximumsize>
			<seeders>50</seeders>
			<tv_com>146</tv_com>
		</show>
		<show>
			<name>Smallville</name>
			<daily>False</daily>
			<minimumsize>300</minimumsize>
			<maximumsize>800</maximumsize>
			<seeders>50</seeders>
			<tv_com>1718</tv_com>
		</show>
		<show>
			<name>So You Think You Can Dance</name>
			<daily>False</daily>
			<minimumsize>300</minimumsize>
			<maximumsize>800</maximumsize>
			<seeders>50</seeders>
			<tv_com>35810</tv_com>
		</show>
		<show>
			<name>Storm Chasers</name>
			<minimumsize>300</minimumsize>
			<maximumsize>500</maximumsize>
			<seeders>10</seeders>
		</show>
		<show>
			<name>South Park</name>
			<daily>False</daily>
			<minimumsize>150</minimumsize>
			<maximumsize>400</maximumsize>
			<seeders>50</seeders>
			<tv_com>344</tv_com>
		</show>
		<show>
			<name>Spooks</name>
			<minimumsize>300</minimumsize>
			<maximumsize>700</maximumsize>
			<seeders>15</seeders>
			<tv_com>10812</tv_com>
		</show>
		<show>
			<name>Stargate</name>
			<daily>False</daily>
			<minimumsize>300</minimumsize>
			<maximumsize>800</maximumsize>
			<seeders>50</seeders>
		</show>
		<show>
			<name>Stargate Atlantis</name>
			<daily>False</daily>
			<minimumsize>300</minimumsize>
			<maximumsize>800</maximumsize>
			<seeders>50</seeders>
			<tv_com>11415</tv_com>
		</show>
		<show>
			<name>Stargate SG1</name>
			<daily>False</daily>
			<minimumsize>300</minimumsize>
			<maximumsize>800</maximumsize>
			<seeders>50</seeders>
			<tv_com>185</tv_com>
		</show>
		<show>
			<name>Studio 60 on the Sunset Strip</name>
			<daily>False</daily>
			<minimumsize>300</minimumsize>
			<maximumsize>800</maximumsize>
			<seeders>50</seeders>
			<tv_com>58214</tv_com>
		</show>
		<show>
			<name>Supernatural</name>
			<daily>False</daily>
			<minimumsize>300</minimumsize>
			<maximumsize>800</maximumsize>
			<seeders>50</seeders>
			<tv_com>30144</tv_com>
		</show>
		<show>
			<name>Survivor</name>
			<minimumsize>200</minimumsize>
			<maximumsize>500</maximumsize>
			<seeders>50</seeders>
			<tv_com>4742</tv_com>
		</show>
		<show>
			<name>Tell Me You Love Me</name>
			<minimumsize>300</minimumsize>
			<maximumsize>800</maximumsize>
			<seeders>50</seeders>
			<tv_com>68721</tv_com>
		</show>
		<show>
			<name>Terminator: The Sarah Connor Chronicles</name>
			<searchname>Terminator The Sarah Connor Chronicles</searchname>
			<minimumsize>300</minimumsize>
			<maximumsize>800</maximumsize>
			<seeders>50</seeders>
			<tv_com>68708</tv_com>
		</show>
		<show>
			<name>The Tonight Show with Jay Leno</name>
			<minimumsize>300</minimumsize>
			<maximumsize>800</maximumsize>
			<seeders>35</seeders>
			<daily>True</daily>
			<tv_com>10020</tv_com>
		</show>
		<show>
			<name>Top Chef</name>
			<minimumsize>300</minimumsize>
			<maximumsize>800</maximumsize>
			<seeders>15</seeders>
			<daily>False</daily>
			<tv_com>55264</tv_com>
		</show>
		<show>
			<name>Top Gear</name>
			<daily>False</daily>
			<minimumsize>500</minimumsize>
			<maximumsize>800</maximumsize>
			<seeders>50</seeders>
			<tv_com>27682</tv_com>
		</show>
		<show>
			<name>Torchwood</name>
			<daily>False</daily>
			<minimumsize>300</minimumsize>
			<maximumsize>800</maximumsize>
			<seeders>50</seeders>
			<tv_com>50470</tv_com>
		</show>
		<show>
			<name>Two And A Half Men</name>
			<daily>False</daily>
			<minimumsize>150</minimumsize>
			<maximumsize>400</maximumsize>
			<seeders>50</seeders>
			<tv_com>17206</tv_com>
		</show>
		<show>
			<name>Ugly Betty</name>
			<daily>False</daily>
			<minimumsize>250</minimumsize>
			<maximumsize>800</maximumsize>
			<seeders>50</seeders>
			<tv_com>58486</tv_com>
		</show>
		<show>
			<name>The Unit</name>
			<daily>False</daily>
			<minimumsize>150</minimumsize>
			<maximumsize>400</maximumsize>
			<seeders>50</seeders>
			<tv_com>33480</tv_com>
		</show>	
		<show>
			<name>The Universe</name>
			<daily>False</daily>
			<minimumsize>300</minimumsize>
			<maximumsize>800</maximumsize>
			<seeders>50</seeders>
			<tv_com>73410</tv_com>
		</show>	
		<show>
			<name>Without a Trace</name>
			<minimumsize>300</minimumsize>
			<maximumsize>800</maximumsize>
			<seeders>50</seeders>
		</show>
		<show>
			<name>Weeds</name>
			<daily>False</daily>
			<minimumsize>150</minimumsize>
			<maximumsize>400</maximumsize>
			<seeders>50</seeders>
			<tv_com>28829</tv_com>
		</show>
		<show>
			<name>The Wire</name>
			<daily>False</daily>
			<minimumsize>300</minimumsize>
			<maximumsize>800</maximumsize>
			<seeders>50</seeders>
			<tv_com>8800</tv_com>
		</show>
		<show>
			<name>WWE</name>
			<daily>False</daily>
			<minimumsize>150</minimumsize>
			<maximumsize>400</maximumsize>
			<seeders>50</seeders>
		</show>
	</shows>
</ted>
