<?xml version="1.0" encoding="UTF-8"?><XML_DIZ_INFO><MASTER_PAD_VERSION_INFO><MASTER_PAD_VERSION>2.02</MASTER_PAD_VERSION><MASTER_PAD_EDITOR>Apimac PAD Editor v1.0.2</MASTER_PAD_EDITOR><MASTER_PAD_INFO>Portable Application Description, or PAD for short, is a data set that is used by shareware authors to dissemminate information to anyone interested in their software products.  To find out more go to http://www.asp-shareware.org/pad</MASTER_PAD_INFO></MASTER_PAD_VERSION_INFO><Company_Info><Company_Name>Ted</Company_Name><Address_1></Address_1><Address_2></Address_2><City_Town>Utrecht</City_Town><State_Province></State_Province><Zip_Postal_Code></Zip_Postal_Code><Country>Netherlands</Country><Company_WebSite_URL>http://www.ted.nu/</Company_WebSite_URL><Contact_Info><Author_First_Name>Roel &amp; Joost</Author_First_Name><Author_Last_Name></Author_Last_Name><Author_Email>support@ted.nu</Author_Email><Contact_First_Name>Roel</Contact_First_Name><Contact_Last_Name>van der Kraan</Contact_Last_Name><Contact_Email>support@ted.nu</Contact_Email></Contact_Info><Support_Info><Sales_Email>sales@ted.nu</Sales_Email><Support_Email>support@ted.nu</Support_Email><General_Email>info@ted.nu</General_Email><Sales_Phone></Sales_Phone><Support_Phone></Support_Phone><General_Phone></General_Phone><Fax_Phone></Fax_Phone></Support_Info></Company_Info><Program_Info><Program_Name>Torrent Episode Downloader</Program_Name><Program_Version>0.91</Program_Version><Program_Release_Month>10</Program_Release_Month><Program_Release_Day>12</Program_Release_Day><Program_Release_Year>2007</Program_Release_Year><Program_Cost_Dollars>0</Program_Cost_Dollars><Program_Cost_Other_Code></Program_Cost_Other_Code><Program_Cost_Other></Program_Cost_Other><Program_Type>Freeware</Program_Type><Program_Release_Status>Major Update</Program_Release_Status><Program_Install_Support>Install and Uninstall</Program_Install_Support><Program_OS_Support>Linux,Mac OS X,Win95,Win98,Windows2000,Windows2003,WinME,WinNT 3.x,WinNT 4.x,WinXP</Program_OS_Support><Program_Language>Danish,Dutch,English,French,Greek,Italian,Norwegian,Polish,Spanish</Program_Language><Program_Change_Info>checks all shows at the same time, made the windows of ted look better, some memory fixes, growl support for mac, firefox support for linux, and lots of bugfixes.</Program_Change_Info><Program_Specific_Category>Internet</Program_Specific_Category><Program_Category_Class>Network &amp; Internet::File Sharing/Peer to Peer</Program_Category_Class><Program_Categories>Download Torrent Internet</Program_Categories><Program_System_Requirements>Java Runtime Environment 1.5</Program_System_Requirements><Includes_JAVA_VM>N</Includes_JAVA_VM><Includes_VB_Runtime>N</Includes_VB_Runtime><Includes_DirectX>N</Includes_DirectX><File_Info><Filename_Versioned>tedv080.exe</Filename_Versioned><Filename_Previous>tedv075.exe</Filename_Previous><Filename_Generic>ted.exe</Filename_Generic><Filename_Long>ted.exe</Filename_Long><File_Size_Bytes>1376256</File_Size_Bytes><File_Size_K>1344</File_Size_K><File_Size_MB>1.31</File_Size_MB></File_Info><Expire_Info><Has_Expire_Info>N</Has_Expire_Info><Expire_Count></Expire_Count><Expire_Based_On></Expire_Based_On><Expire_Other_Info></Expire_Other_Info><Expire_Month></Expire_Month><Expire_Day></Expire_Day><Expire_Year></Expire_Year></Expire_Info></Program_Info><Program_Descriptions><English><Keywords>torrent, episode, download, tv, show</Keywords><Char_Desc_45>Torrent Episode Downloader</Char_Desc_45><Char_Desc_80>Torrent Episode Downloader (ted) downloads torrents from your favourite tv shows</Char_Desc_80><Char_Desc_250>Ted (torrent episode downloader) will check for new episodes of your favourite tv shows. Ted will download the torrent if he finds a new episode and will open it in your favorite bittorrent client.</Char_Desc_250><Char_Desc_450>Meet ted! Your new way of downloading tv shows from the web!
Add your favourite tv shows to ted and ted will automatically download torrents of new episodes!

Ted has built in support to download torrents for the newest episodes from 24, Lost, The Simpsons, South Park and many more!</Char_Desc_450><Char_Desc_2000>Meet ted! Your new way of downloading tv shows from the web!
Add your favourite tv shows to ted and ted will automatically download torrents of new episodes!

Ted has built in support to download torrents for the newest episodes from 24, Lost, The Simpsons, South Park and many more!

Features:
    *   Checks feeds from TorrentReactor, Mininova, TVRSS, The PirateBay, Mr. Twig and Isohunt for new episodes of tv shows
    * Fill in the current season and episode you are watching. Ted will automatically find new episodes that you have not seen yet
    * filter on filesize and on amount of seeders
    * Built-in support for all mainstream shows (24, Lost, Topgear, Desperate Housewives, the Simpsons, South Park, Grey's Anatomy, Battlestar Galactica, etc.)
    * Add your own shows to Ted
    * Use keywords to filter out fakes and unwanted versions of episodes
    * Use episode- and breakschedulers to save your resources and bandwidth from the torrentsites
    * Saves torrents of new shows to your harddisk and optionally opens the torrents in your favourite torrent client</Char_Desc_2000></English></Program_Descriptions><Web_Info><Application_URLs><Application_Info_URL>http://www.ted.nu/</Application_Info_URL><Application_Order_URL>http://www.ted.nu/</Application_Order_URL><Application_Screenshot_URL>http://www.ted.nu/img/screenshots/win-090-mainwindow.png</Application_Screenshot_URL><Application_Icon_URL>http://www.ted.nu/icon-ted.png</Application_Icon_URL><Application_XML_File_URL>http://www.ted.nu/ted.xml</Application_XML_File_URL></Application_URLs><Download_URLs><Primary_Download_URL>http://kent.dl.sourceforge.net/sourceforge/ted/tedv091.exe</Primary_Download_URL><Secondary_Download_URL>http://belnet.dl.sourceforge.net/sourceforge/ted/tedv091.zip</Secondary_Download_URL><Additional_Download_URL_1></Additional_Download_URL_1><Additional_Download_URL_2></Additional_Download_URL_2></Download_URLs></Web_Info><Permissions><Distribution_Permissions></Distribution_Permissions><EULA></EULA></Permissions><ASP><ASP_FORM>Y</ASP_FORM><ASP_Member>N</ASP_Member><ASP_Member_Number/></ASP></XML_DIZ_INFO>